{"A":{"0":0.8513660587,"1":0.3757847829,"2":0.6329207479,"3":0.7158686475,"4":0.9269321872,"5":0.3334284134,"6":0.6730337634,"7":0.0999050111,"8":0.6094543403,"9":0.0859932555,"10":0.1774859241,"11":0.7857821558,"12":0.1751275496,"13":0.5283891624,"14":0.347377536,"15":0.8732951783,"16":0.1233019525,"17":0.4114945514,"18":0.0795343921,"19":0.7527914857,"20":0.3816412618,"21":0.1608897952,"22":0.8082606498,"23":0.4813713323,"24":0.7975163981},"B":{"0":0.8715333779,"1":0.8603882592,"2":0.4807446778,"3":0.4132346888,"4":0.896683574,"5":0.2011369667,"6":0.4644155374,"7":0.7066389001,"8":0.2107629336,"9":0.8868411679,"10":0.1083344913,"11":0.6964285902,"12":0.1685682683,"13":0.4477315796,"14":0.4473040412,"15":0.6527328396,"16":0.079162808,"17":0.5660765408,"18":0.1761973883,"19":0.6367965067,"20":0.6885582625,"21":0.1930633111,"22":0.5789938439,"23":0.0337745504,"24":0.873999779},"C":{"0":0.4073583241,"1":0.4461298003,"2":0.2015954339,"3":0.7536730458,"4":0.0529023031,"5":0.4916354223,"6":0.5466319243,"7":0.3917221035,"8":0.5800861234,"9":0.3244823436,"10":0.6021075669,"11":0.0035561253,"12":0.4884137697,"13":0.2877338665,"14":0.6883977913,"15":0.5134695018,"16":0.8587794339,"17":0.0262939342,"18":0.8838157251,"19":0.1361289451,"20":0.4382102485,"21":0.2580739072,"22":0.2340582935,"23":0.8684480331,"24":0.7632187527},"D":{"0":0.8095370734,"1":0.0207808271,"2":0.2102943458,"3":0.4600166624,"4":0.9732123449,"5":0.6795295803,"6":0.5323064035,"7":0.5881302852,"8":0.8898795185,"9":0.9816748412,"10":0.0621101588,"11":0.5571915857,"12":0.7683381059,"13":0.292760288,"14":0.9310961563,"15":0.5335451349,"16":0.4892658021,"17":0.9238698933,"18":0.4347688507,"19":0.1937266534,"20":0.3936546217,"21":0.0218368216,"22":0.2732765472,"23":0.8790388013,"24":0.9045642327}}